https://claude.ai/chat/b78f8d74-7403-45d1-9a20-3f513a81c965,Camera_ID,Location,Page,Stream_URL
2025-04-11,CHER-0159,SR 20 / Herndon Ln at Marietta Hwy (Cherokee),1,https://sfs-msc-pub-lq-01.navigator.dot.ga.gov:443/rtplive/CHER-CCTV-0159/playlist.m3u8
2025-04-11,ROCK-0133,SR 20/Sigman Rd at SR 20/Milstead Ave (Rockdale),1,https://sfs-msc-pub-lq-01.navigator.dot.ga.gov:443/rtplive/ROCK-CCTV-0133/playlist.m3u8
2025-04-11,ROCK-0134,SR 20/Sigman Rd at Milstead Rd (Rockdale),1,https://sfs-msc-pub-lq-01.navigator.dot.ga.gov:443/rtplive/ROCK-CCTV-0134/playlist.m3u8
2025-04-11,BART-0037,SR 20 / SR 61 at Peoples Valley Rd (Bartow),1,https://sfs-msc-pub-lq-01.navigator.dot.ga.gov:443/rtplive/BART-CCTV-0037/playlist.m3u8
2025-04-11,CHAT-0016,SR 204 at Pine Grove Dr (Chatham),1,https://sfs-msc-pub-lq-01.navigator.dot.ga.gov:443/rtplive/CHAT-CCTV-0016/playlist.m3u8
2025-04-11,CHAT-0022,SR 204 at I-95 SB (Chatham),1,https://sfs-msc-pub-lq-01.navigator.dot.ga.gov:443/rtplive/CHAT-CCTV-0022/playlist.m3u8
2025-04-11,CHAT-0012,SR 204 at Gateway Blvd (Chatham),1,https://sfs-msc-pub-lq-01.navigator.dot.ga.gov:443/rtplive/CHAT-CCTV-0012/playlist.m3u8
2025-04-11,SAV-0005,SR 204 / Abercorn Rd at King George Blvd (Savannah),1,https://sfs-msc-pub-lq-01.navigator.dot.ga.gov:443/rtplive/SAV-CCTV-0005/playlist.m3u8
2025-04-11,SAV-0058,SR 204 at Apache (Savannah),1,https://sfs-msc-pub-lq-01.navigator.dot.ga.gov:443/rtplive/SAV-CCTV-0058/playlist.m3u8
2025-04-11,SAV-0059,SR 204 at Deerfield (Savannah),1,https://sfs-msc-pub-lq-01.navigator.dot.ga.gov:443/rtplive/SAV-CCTV-0059/playlist.m3u8
2025-04-11,ATL-0024,SR 237 / Piedmont Rd at Lambert Dr / Piedmont Cir (Atlanta),2,https://sfs-msc-pub-lq-01.navigator.dot.ga.gov:443/rtplive/ATL-CCTV-0024/playlist.m3u8
2025-04-11,ATL-0025,SR 237 / Piedmont Rd at Cheshire Bridge Rd (Atlanta),2,https://sfs-msc-pub-lq-01.navigator.dot.ga.gov:443/rtplive/ATL-CCTV-0025/playlist.m3u8
2025-04-11,ATL-0026,SR 237 / Piedmont Rd at Rock Springs Rd (Atlanta),2,https://sfs-msc-pub-lq-01.navigator.dot.ga.gov:443/rtplive/ATL-CCTV-0026/playlist.m3u8
2025-04-11,ATL-0027,SR 237 / Piedmont Rd at Monroe Dr (Atlanta),2,https://sfs-msc-pub-lq-01.navigator.dot.ga.gov:443/rtplive/ATL-CCTV-0027/playlist.m3u8
2025-04-11,ATL-0984,SR 280 / Hamilton E Holmes Dr at Godfrey Dr / Harvel Dr (Atlanta),2,https://sfs-msc-pub-lq-01.navigator.dot.ga.gov:443/rtplive/ATL-CCTV-0984/playlist.m3u8
2025-04-11,ATL-0076,SR 3 / Metropolitan Pkwy at Atlanta Metropolitan College (Atlanta),2,https://sfs-msc-pub-lq-01.navigator.dot.ga.gov:443/rtplive/ATL-CCTV-0076/playlist.m3u8
2025-04-11,ATL-0077,SR 3/Metropolitan Pkwy at Lakewood Ave (Atlanta),2,https://sfs-msc-pub-lq-01.navigator.dot.ga.gov:443/rtplive/ATL-CCTV-0077/playlist.m3u8
2025-04-11,ATL-0078,SR 3 / Metropolitan Pkwy at St Johns Ave (Atlanta),2,https://sfs-msc-pub-lq-01.navigator.dot.ga.gov:443/rtplive/ATL-CCTV-0078/playlist.m3u8
2025-04-11,ATL-0079,SR 3 / Metropolitan Pkwy at Manford Rd (Atlanta),2,https://sfs-msc-pub-lq-01.navigator.dot.ga.gov:443/rtplive/ATL-CCTV-0079/playlist.m3u8
2025-04-11,ATL-0080,SR 3 / Metropolitan Pkwy at University Ave (Atlanta),2,https://sfs-msc-pub-lq-01.navigator.dot.ga.gov:443/rtplive/ATL-CCTV-0080/playlist.m3u8
2025-04-11,ATL-0081,SR 3 / Metropolitan Pkwy at Ralph David Abernathy Blvd (Atlanta),3,https://sfs-msc-pub-lq-01.navigator.dot.ga.gov:443/rtplive/ATL-CCTV-0081/playlist.m3u8
2025-04-11,ATL-0082,SR 3/Northside Dr at McDaniel St (Atlanta),3,https://sfs-msc-pub-lq-01.navigator.dot.ga.gov:443/rtplive/ATL-CCTV-0082/playlist.m3u8
2025-04-11,ATL-0083,SR 3/Northside Dr at Mitchell St (Atlanta),3,https://sfs-msc-pub-lq-01.navigator.dot.ga.gov:443/rtplive/ATL-CCTV-0083/playlist.m3u8
2025-04-11,ATL-0084,SR 3/Northside Dr at Ivan Allen Jr Blvd (Atlanta),3,https://sfs-msc-pub-lq-01.navigator.dot.ga.gov:443/rtplive/ATL-CCTV-0084/playlist.m3u8
2025-04-11,ATL-0085,SR 3/Northside Dr at North Ave (Atlanta),3,https://sfs-msc-pub-lq-01.navigator.dot.ga.gov:443/rtplive/ATL-CCTV-0085/playlist.m3u8
2025-04-11,ATL-0086,SR 3 / Northside Dr at Marietta St (Atlanta),3,https://sfs-msc-pub-lq-01.navigator.dot.ga.gov:443/rtplive/ATL-CCTV-0086/playlist.m3u8
2025-04-11,ATL-0087,SR 3/Northside Dr at 14th St (Atlanta),3,https://sfs-msc-pub-lq-01.navigator.dot.ga.gov:443/rtplive/ATL-CCTV-0087/playlist.m3u8
2025-04-11,ATL-0088,SR 3/Northside Dr at 17th St (Atlanta),3,https://sfs-msc-pub-lq-01.navigator.dot.ga.gov:443/rtplive/ATL-CCTV-0088/playlist.m3u8
2025-04-11,ATL-0099,SR 3/Northside Dr at Deering Rd (Atlanta),3,https://sfs-msc-pub-lq-01.navigator.dot.ga.gov:443/rtplive/ATL-CCTV-0099/playlist.m3u8
2025-04-11,ATL-0530,SR 3 / Northside Dr at 10th St (Atlanta),3,https://sfs-msc-pub-lq-01.navigator.dot.ga.gov:443/rtplive/ATL-CCTV-0530/playlist.m3u8
2025-04-11,ATL-0533,SR 3 / Northside Dr at SR 8 /Hollowell Pkwy (Atlanta),4,https://sfs-msc-pub-lq-01.navigator.dot.ga.gov:443/rtplive/ATL-CCTV-0533/playlist.m3u8
2025-04-11,ATL-0538,SR 3/Northside Dr at Magnolia St (Atlanta),4,https://sfs-msc-pub-lq-01.navigator.dot.ga.gov:443/rtplive/ATL-CCTV-0538/playlist.m3u8
2025-04-11,ATL-0539,SR 3/Northside Dr at Carter St (Atlanta),4,https://sfs-msc-pub-lq-01.navigator.dot.ga.gov:443/rtplive/ATL-CCTV-0539/playlist.m3u8
2025-04-11,ATL-0540,SR 3/Northside Dr at MLK Jr Dr / M-B Stadium (Atlanta),4,https://sfs-msc-pub-lq-01.navigator.dot.ga.gov:443/rtplive/ATL-CCTV-0540/playlist.m3u8
2025-04-11,ATL-0543,SR 3 / Northside Dr at Fair St (Atlanta),4,https://sfs-msc-pub-lq-01.navigator.dot.ga.gov:443/rtplive/ATL-CCTV-0543/playlist.m3u8
2025-04-11,ATL-0802,SR 3 / Central Ave at I75 SB Ramp (Atlanta),4,https://sfs-msc-pub-lq-01.navigator.dot.ga.gov:443/rtplive/ATL-CCTV-0802/playlist.m3u8
2025-04-11,ATL-0804,SR 3 / Central Ave at Browns Mill Rd (Atlanta),4,https://sfs-msc-pub-lq-01.navigator.dot.ga.gov:443/rtplive/ATL-CCTV-0804/playlist.m3u8
2025-04-11,ATL-0089,SR 3 / Northside Dr at Bellemeade Ave (Atlanta),4,https://sfs-msc-pub-lq-01.navigator.dot.ga.gov:443/rtplive/ATL-CCTV-0089/playlist.m3u8
2025-04-11,ATL-0090,SR 3 / Northside Dr at Whitehall St (Atlanta),4,https://sfs-msc-pub-lq-01.navigator.dot.ga.gov:443/rtplive/ATL-CCTV-0090/playlist.m3u8
2025-04-11,ATL-0091,SR 3 / Northside Dr at Chapel St/Spelman Ln (Atlanta),4,https://sfs-msc-pub-lq-01.navigator.dot.ga.gov:443/rtplive/ATL-CCTV-0091/playlist.m3u8
2025-04-11,ATL-0094,SR 3 / Northside Dr at I75 SB Ramp (Atlanta),5,https://sfs-msc-pub-lq-01.navigator.dot.ga.gov:443/rtplive/ATL-CCTV-0094/playlist.m3u8
2025-04-11,ATL-0097,SR 3 / Northside Dr at W Wesley Rd (Atlanta),5,https://sfs-msc-pub-lq-01.navigator.dot.ga.gov:443/rtplive/ATL-CCTV-0097/playlist.m3u8
2025-04-11,ATL-0098,SR 3 / Northside Dr at Arden Rd/Castlewood Dr (Atlanta),5,https://sfs-msc-pub-lq-01.navigator.dot.ga.gov:443/rtplive/ATL-CCTV-0098/playlist.m3u8
2025-04-11,ATL-0042,SR 3 / Northside Pkwy at I75 NB Ramp (Atlanta),5,https://sfs-msc-pub-lq-01.navigator.dot.ga.gov:443/rtplive/ATL-CCTV-0042/playlist.m3u8
2025-04-11,ATL-0047,SR 3 / Northside Pkwy at N Atlanta High School (Atlanta),5,https://sfs-msc-pub-lq-01.navigator.dot.ga.gov:443/rtplive/ATL-CCTV-0047/playlist.m3u8
2025-04-11,ATL-0095,SR 3 / Northside Pkwy at W Paces Ferry Rd (Atlanta),5,https://sfs-msc-pub-lq-01.navigator.dot.ga.gov:443/rtplive/ATL-CCTV-0095/playlist.m3u8
2025-04-11,ATL-0045,SR 3 / Northside Pkwy at Mt Paran Rd (Atlanta),5,https://sfs-msc-pub-lq-01.navigator.dot.ga.gov:443/rtplive/ATL-CCTV-0045/playlist.m3u8
2025-04-11,ATL-0048,SR 3 / Northside Pkwy at River Green Dr (Atlanta),5,https://sfs-msc-pub-lq-01.navigator.dot.ga.gov:443/rtplive/ATL-CCTV-0048/playlist.m3u8
2025-04-11,ATL-0049,SR 3 / Northside Pkwy at Northgate Dr (Atlanta),5,https://sfs-msc-pub-lq-01.navigator.dot.ga.gov:443/rtplive/ATL-CCTV-0049/playlist.m3u8
2025-04-11,ATL-0096,SR 3 /Northside Dr at Ptree Battle Ave (Atlanta),5,https://sfs-msc-pub-lq-01.navigator.dot.ga.gov:443/rtplive/ATL-CCTV-0096/playlist.m3u8
2025-04-11,ATL-0092,SR 3/Northside Dr at I75 NB Ramp (Atlanta),6,https://sfs-msc-pub-lq-01.navigator.dot.ga.gov:443/rtplive/ATL-CCTV-0092/playlist.m3u8
2025-04-11,ATL-0093,SR 3/Northside Dr at Collier Rd (Atlanta),6,https://sfs-msc-pub-lq-01.navigator.dot.ga.gov:443/rtplive/ATL-CCTV-0093/playlist.m3u8
2025-04-11,ATL-0610,10th St at Monroe Dr (Atlanta),6,https://sfs-msc-pub-lq-01.navigator.dot.ga.gov:443/rtplive/ATL-CCTV-0610/playlist.m3u8
2025-04-11,ATL-0974,10th St at Fowler St (Atlanta),6,https://sfs-msc-pub-lq-01.navigator.dot.ga.gov:443/rtplive/ATL-CCTV-0974/playlist.m3u8
2025-04-11,ATL-0903,14th St at Techwood Dr (Atlanta),6,https://sfs-msc-pub-lq-01.navigator.dot.ga.gov:443/rtplive/ATL-CCTV-0903/playlist.m3u8
2025-04-11,ATL-0805,Airport Loop Rd at Woolman Pl (Atlanta),6,https://sfs-msc-pub-lq-01.navigator.dot.ga.gov:443/rtplive/ATL-CCTV-0805/playlist.m3u8
2025-04-11,ATL-0957,SR 10 / Andrew Young Intl Blvd at Fort St/I75/I85 Ramp (Atlanta),6,https://sfs-msc-pub-lq-01.navigator.dot.ga.gov:443/rtplive/ATL-CCTV-0957/playlist.m3u8
2025-04-11,COBB-0883,Atlanta Rd at Old Concord Rd,6,https://sfs-msc-pub-lq-01.navigator.dot.ga.gov:443/rtplive/COBB-CCTV-0883/playlist.m3u8
2025-04-11,COBB-0884,Atlanta Rd at Paces Ferry Rd,6,https://sfs-msc-pub-lq-01.navigator.dot.ga.gov:443/rtplive/COBB-CCTV-0884/playlist.m3u8
2025-04-11,COBB-0885,Atlanta Rd at Plant Atkinson Rd,6,https://sfs-msc-pub-lq-01.navigator.dot.ga.gov:443/rtplive/COBB-CCTV-0885/playlist.m3u8
2025-04-11,COBB-0886,Atlanta Rd at Brownwood Ln,7,https://sfs-msc-pub-lq-01.navigator.dot.ga.gov:443/rtplive/COBB-CCTV-0886/playlist.m3u8
2025-04-11,COBB-0887,Atlanta Rd at Cumberland Pkwy,7,https://sfs-msc-pub-lq-01.navigator.dot.ga.gov:443/rtplive/COBB-CCTV-0887/playlist.m3u8
2025-04-11,COBB-0888,Atlanta Rd at I-285,7,https://sfs-msc-pub-lq-01.navigator.dot.ga.gov:443/rtplive/COBB-CCTV-0888/playlist.m3u8
2025-04-11,COBB-1103,Atlanta Rd at West Atlanta Rd,7,https://sfs-msc-pub-lq-01.navigator.dot.ga.gov:443/rtplive/COBB-CCTV-1103/playlist.m3u8
2025-04-11,COBB-1123,Atlanta Rd at Pine St,7,https://sfs-msc-pub-lq-01.navigator.dot.ga.gov:443/rtplive/COBB-CCTV-1123/playlist.m3u8
2025-04-11,ATL-0996,Auburn Ave at Peachtree Center Ave (Atlanta),7,https://sfs-msc-pub-lq-01.navigator.dot.ga.gov:443/rtplive/ATL-CCTV-0996/playlist.m3u8
2025-04-11,ATL-0978,Baker St at Courtland St (Atlanta),7,https://sfs-msc-pub-lq-01.navigator.dot.ga.gov:443/rtplive/ATL-CCTV-0978/playlist.m3u8
2025-04-11,ATL-0968,Boulevard at United Ave (Atlanta),7,https://sfs-msc-pub-lq-01.navigator.dot.ga.gov:443/rtplive/ATL-CCTV-0968/playlist.m3u8
2025-04-11,ATL-0969,Boulevard at Atlanta Ave (Atlanta),7,https://sfs-msc-pub-lq-01.navigator.dot.ga.gov:443/rtplive/ATL-CCTV-0969/playlist.m3u8
2025-04-11,ATL-0985,Capitol Ave at Capitol Sq (Atlanta),7,https://sfs-msc-pub-lq-01.navigator.dot.ga.gov:443/rtplive/ATL-CCTV-0985/playlist.m3u8
2025-04-11,ATL-0916,Centennial Olympic Park Dr at Andrew Young Intl Blvd South (Atlanta),8,https://sfs-msc-pub-lq-01.navigator.dot.ga.gov:443/rtplive/ATL-CCTV-0916/playlist.m3u8
2025-04-11,ATL-0917,Centennial Olympic Park Dr at Martin Luther King Jr Dr (Atlanta),8,https://sfs-msc-pub-lq-01.navigator.dot.ga.gov:443/rtplive/ATL-CCTV-0917/playlist.m3u8
2025-04-11,ATL-0931,Centennial Olympic Park Dr at Baker St (Atlanta),8,https://sfs-msc-pub-lq-01.navigator.dot.ga.gov:443/rtplive/ATL-CCTV-0931/playlist.m3u8
2025-04-11,ATL-0932,Centennial Olympic Park Dr at CNN Parking Deck (Atlanta),8,https://sfs-msc-pub-lq-01.navigator.dot.ga.gov:443/rtplive/ATL-CCTV-0932/playlist.m3u8
2025-04-11,ATL-0936,Centennial Olympic Park Dr at Andrew Young Intl Blvd North (Atlanta),8,https://sfs-msc-pub-lq-01.navigator.dot.ga.gov:443/rtplive/ATL-CCTV-0936/playlist.m3u8
2025-04-11,ATL-0983,Centennial Olympic Park Dr at Nelson St (Atlanta),8,https://sfs-msc-pub-lq-01.navigator.dot.ga.gov:443/rtplive/ATL-CCTV-0983/playlist.m3u8
2025-04-11,ATL-0601,Cheshire Bridge Rd at I85 NB Ramp (Atlanta),8,https://sfs-msc-pub-lq-01.navigator.dot.ga.gov:443/rtplive/ATL-CCTV-0601/playlist.m3u8
2025-04-11,ATL-0611,Clifton Rd at CDC Pkwy (Atlanta),8,https://sfs-msc-pub-lq-01.navigator.dot.ga.gov:443/rtplive/ATL-CCTV-0611/playlist.m3u8
2025-04-11,ATL-0612,Clifton Rd at Houston Mill Rd (Atlanta),8,https://sfs-msc-pub-lq-01.navigator.dot.ga.gov:443/rtplive/ATL-CCTV-0612/playlist.m3u8
2025-04-11,ATL-0613,Clifton Rd at Uppergate Dr (Atlanta),8,https://sfs-msc-pub-lq-01.navigator.dot.ga.gov:443/rtplive/ATL-CCTV-0613/playlist.m3u8
2025-04-11,ATL-0979,Courtland St at Ellis St (Atlanta),9,https://sfs-msc-pub-lq-01.navigator.dot.ga.gov:443/rtplive/ATL-CCTV-0979/playlist.m3u8
2025-04-11,ATL-0965,Decatur St at Jesse Hill Jr Dr (Atlanta),9,https://sfs-msc-pub-lq-01.navigator.dot.ga.gov:443/rtplive/ATL-CCTV-0965/playlist.m3u8
2025-04-11,ATL-0981,Decatur St at Peachtree Center Ave/Central Ave (Atlanta),9,https://sfs-msc-pub-lq-01.navigator.dot.ga.gov:443/rtplive/ATL-CCTV-0981/playlist.m3u8
2025-04-11,ATL-0989,Decatur St at Grant St / Hilliard St (Atlanta),9,https://sfs-msc-pub-lq-01.navigator.dot.ga.gov:443/rtplive/ATL-CCTV-0989/playlist.m3u8
2025-04-11,ATL-0061,SR 42 / Moreland Ave at Dekalb Ave (Atlanta),9,https://sfs-msc-pub-lq-01.navigator.dot.ga.gov:443/rtplive/ATL-CCTV-0061/playlist.m3u8
2025-04-11,ATL-0062,Dekalb Ave at Oakdale Rd/Whiteford Ave (Atlanta),9,https://sfs-msc-pub-lq-01.navigator.dot.ga.gov:443/rtplive/ATL-CCTV-0062/playlist.m3u8
2025-04-11,ATL-0990,Dekalb Ave at Clifton Rd (Atlanta),9,https://sfs-msc-pub-lq-01.navigator.dot.ga.gov:443/rtplive/ATL-CCTV-0990/playlist.m3u8
2025-04-11,ATL-0991,Dekalb Ave at Rocky Ford Rd / Dekalb Pl (Atlanta),9,https://sfs-msc-pub-lq-01.navigator.dot.ga.gov:443/rtplive/ATL-CCTV-0991/playlist.m3u8
2025-04-11,ATL-0992,DeKalb Ave NE at Krog St (Atlanta),9,https://sfs-msc-pub-lq-01.navigator.dot.ga.gov:443/rtplive/ATL-CCTV-0992/playlist.m3u8
2025-04-11,ATL-0987,Edgewood Ave at Piedmont Ave (Atlanta),9,https://sfs-msc-pub-lq-01.navigator.dot.ga.gov:443/rtplive/ATL-CCTV-0987/playlist.m3u8
2025-04-11,ATL-0988,Edgewood Ave at Courtland St (Atlanta),10,https://sfs-msc-pub-lq-01.navigator.dot.ga.gov:443/rtplive/ATL-CCTV-0988/playlist.m3u8
2025-04-11,ATL-0949,Forsyth St at Alabama St (Atlanta),10,https://sfs-msc-pub-lq-01.navigator.dot.ga.gov:443/rtplive/ATL-CCTV-0949/playlist.m3u8
2025-04-11,ATL-0966,Hank Aaron Dr / Capitol Ave at Georgia Ave (Atlanta),10,https://sfs-msc-pub-lq-01.navigator.dot.ga.gov:443/rtplive/ATL-CCTV-0966/playlist.m3u8
2025-04-11,ATL-1006,Howell Mill Rd at 14th St (Atlanta),10,https://sfs-msc-pub-lq-01.navigator.dot.ga.gov:443/rtplive/ATL-CCTV-1006/playlist.m3u8
2025-04-11,GDOT-0963,I-285 CW at AtlantaRd MM 17.3 (Cobb),10,https://sfs-msc-pub-lq-01.navigator.dot.ga.gov:443/rtplive/GDOT-CCTV-0963/playlist.m3u8
2025-04-11,GDOT-0964,I-285 CCW at AtlantaRd MM 17.7 (Cobb),10,https://sfs-msc-pub-lq-01.navigator.dot.ga.gov:443/rtplive/GDOT-CCTV-0964/playlist.m3u8
2025-04-11,GDOT-0966,I-285 CCW past AtlantaRd MM 18.5 (Cobb),10,https://sfs-msc-pub-lq-01.navigator.dot.ga.gov:443/rtplive/GDOT-CCTV-0966/playlist.m3u8
2025-04-11,GDOT-0967,I-285 CCW before AtlantaRd MM 18.7 (Cobb),10,https://sfs-msc-pub-lq-01.navigator.dot.ga.gov:443/rtplive/GDOT-CCTV-0967/playlist.m3u8
2025-04-11,ATL-0913,Ivan Allen Jr Blvd at Williams St (Atlanta),10,https://sfs-msc-pub-lq-01.navigator.dot.ga.gov:443/rtplive/ATL-CCTV-0913/playlist.m3u8
2025-04-11,ATL-0914,Ivan Allen Jr Blvd at Marietta St (Atlanta),10,https://sfs-msc-pub-lq-01.navigator.dot.ga.gov:443/rtplive/ATL-CCTV-0914/playlist.m3u8
2025-04-11,ATL-0924,Ivan Allen Jr Blvd at Ted Turner Dr (Atlanta),11,https://sfs-msc-pub-lq-01.navigator.dot.ga.gov:443/rtplive/ATL-CCTV-0924/playlist.m3u8
2025-04-11,ATL-0927,Ivan Allen Jr Blvd at Centennial Olympic Park Dr (Atlanta),11,https://sfs-msc-pub-lq-01.navigator.dot.ga.gov:443/rtplive/ATL-CCTV-0927/playlist.m3u8
2025-04-11,ATL-0928,Ivan Allen Jr Blvd at Luckie St (Atlanta),11,https://sfs-msc-pub-lq-01.navigator.dot.ga.gov:443/rtplive/ATL-CCTV-0928/playlist.m3u8
2025-04-11,ATL-0994,Ivan Allen Jr Blvd at Mangum St (Atlanta),11,https://sfs-msc-pub-lq-01.navigator.dot.ga.gov:443/rtplive/ATL-CCTV-0994/playlist.m3u8
2025-04-11,ATL-0975,Joseph E Lowery Blvd at I20 WB Ramp / Lucile Ave (Atlanta),11,https://sfs-msc-pub-lq-01.navigator.dot.ga.gov:443/rtplive/ATL-CCTV-0975/playlist.m3u8
2025-04-11,ATL-0028,Lenox Rd at SR 400 Ramps (Atlanta),11,https://sfs-msc-pub-lq-01.navigator.dot.ga.gov:443/rtplive/ATL-CCTV-0028/playlist.m3u8
2025-04-11,ATL-0043,Lenox Rd at E Paces Ferry Rd (Atlanta),11,https://sfs-msc-pub-lq-01.navigator.dot.ga.gov:443/rtplive/ATL-CCTV-0043/playlist.m3u8
2025-04-11,ATL-0955,Luckie St at Baker St (Atlanta),11,https://sfs-msc-pub-lq-01.navigator.dot.ga.gov:443/rtplive/ATL-CCTV-0955/playlist.m3u8
2025-04-11,ATL-0912,Marietta St at Ted Turner Dr (Atlanta),11,https://sfs-msc-pub-lq-01.navigator.dot.ga.gov:443/rtplive/ATL-CCTV-0912/playlist.m3u8
2025-04-11,ATL-0915,Marietta St at Baker St (Atlanta),11,https://sfs-msc-pub-lq-01.navigator.dot.ga.gov:443/rtplive/ATL-CCTV-0915/playlist.m3u8
2025-04-11,ATL-0920,Marietta St at Centennial Olympic Park Dr (Atlanta),12,https://sfs-msc-pub-lq-01.navigator.dot.ga.gov:443/rtplive/ATL-CCTV-0920/playlist.m3u8
2025-04-11,ATL-0925,Marietta St at Andrew Young Intl Blvd (Atlanta),12,https://sfs-msc-pub-lq-01.navigator.dot.ga.gov:443/rtplive/ATL-CCTV-0925/playlist.m3u8
2025-04-11,ATL-0941,Marietta St at Peachtree St (Atlanta),12,https://sfs-msc-pub-lq-01.navigator.dot.ga.gov:443/rtplive/ATL-CCTV-0941/playlist.m3u8
2025-04-11,ATL-0947,Marietta St at Forsyth St (Atlanta),12,https://sfs-msc-pub-lq-01.navigator.dot.ga.gov:443/rtplive/ATL-CCTV-0947/playlist.m3u8
2025-04-11,ATL-0980,Marietta St at Fairlie St (Atlanta),12,https://sfs-msc-pub-lq-01.navigator.dot.ga.gov:443/rtplive/ATL-CCTV-0980/playlist.m3u8
2025-04-11,ATL-0993,Marietta St at Park Ave West (Atlanta),12,https://sfs-msc-pub-lq-01.navigator.dot.ga.gov:443/rtplive/ATL-CCTV-0993/playlist.m3u8
2025-04-11,ATL-0918,Martin Luther King Jr Dr at Ted Turner Dr (Atlanta),12,https://sfs-msc-pub-lq-01.navigator.dot.ga.gov:443/rtplive/ATL-CCTV-0918/playlist.m3u8
2025-04-11,ATL-0942,Martin Luther King Jr Dr at Central Ave (Atlanta),12,https://sfs-msc-pub-lq-01.navigator.dot.ga.gov:443/rtplive/ATL-CCTV-0942/playlist.m3u8
2025-04-11,ATL-0944,Martin Luther King Jr Dr at Piedmont Ave / Capitol Ave (Atlanta),12,https://sfs-msc-pub-lq-01.navigator.dot.ga.gov:443/rtplive/ATL-CCTV-0944/playlist.m3u8
2025-04-11,ATL-0150,Memorial Dr at Washington St (Atlanta),12,https://sfs-msc-pub-lq-01.navigator.dot.ga.gov:443/rtplive/ATL-CCTV-0150/playlist.m3u8
2025-04-11,ATL-0986,Memorial Dr at Central Ave (Atlanta),13,https://sfs-msc-pub-lq-01.navigator.dot.ga.gov:443/rtplive/ATL-CCTV-0986/playlist.m3u8
2025-04-11,ATL-0961,Memorial Dr / Whitehall St at Peachtree St / Forsyth St (Atlanta),13,https://sfs-msc-pub-lq-01.navigator.dot.ga.gov:443/rtplive/ATL-CCTV-0961/playlist.m3u8
2025-04-11,ATL-0919,Mitchell St at Mangum St (Atlanta),13,https://sfs-msc-pub-lq-01.navigator.dot.ga.gov:443/rtplive/ATL-CCTV-0919/playlist.m3u8
2025-04-11,ATL-0934,Mitchell St at Forsyth St (Atlanta),13,https://sfs-msc-pub-lq-01.navigator.dot.ga.gov:443/rtplive/ATL-CCTV-0934/playlist.m3u8
2025-04-11,ATL-0937,Mitchell St at Washington St (Atlanta),13,https://sfs-msc-pub-lq-01.navigator.dot.ga.gov:443/rtplive/ATL-CCTV-0937/playlist.m3u8
2025-04-11,ATL-0958,Mitchell St at Pryor St (Atlanta),13,https://sfs-msc-pub-lq-01.navigator.dot.ga.gov:443/rtplive/ATL-CCTV-0958/playlist.m3u8
2025-04-11,ATL-0952,MLK Jr Dr at Forsyth St (Atlanta),13,https://sfs-msc-pub-lq-01.navigator.dot.ga.gov:443/rtplive/ATL-CCTV-0952/playlist.m3u8
2025-04-11,ATL-0960,MLK Jr Dr at Peachtree St (Atlanta),13,https://sfs-msc-pub-lq-01.navigator.dot.ga.gov:443/rtplive/ATL-CCTV-0960/playlist.m3u8
2025-04-11,ATL-0046,Mt Paran Rd at I75 NB Ramp (Atlanta),13,https://sfs-msc-pub-lq-01.navigator.dot.ga.gov:443/rtplive/ATL-CCTV-0046/playlist.m3u8
2025-04-11,ATL-0073,North Ave at N Highland Ave (Atlanta),13,https://sfs-msc-pub-lq-01.navigator.dot.ga.gov:443/rtplive/ATL-CCTV-0073/playlist.m3u8
2025-04-11,ATL-0910,North Ave at Hunt St (Atlanta),14,https://sfs-msc-pub-lq-01.navigator.dot.ga.gov:443/rtplive/ATL-CCTV-0910/playlist.m3u8
2025-04-11,ATL-0911,North Ave at Dallas St / Ponce City Mkt (Atlanta),14,https://sfs-msc-pub-lq-01.navigator.dot.ga.gov:443/rtplive/ATL-CCTV-0911/playlist.m3u8
2025-04-11,ATL-0922,North Ave at Boulevard (Atlanta),14,https://sfs-msc-pub-lq-01.navigator.dot.ga.gov:443/rtplive/ATL-CCTV-0922/playlist.m3u8
2025-04-11,ATL-0938,North Ave at Argonne Ave/Central Park Pl (Atlanta),14,https://sfs-msc-pub-lq-01.navigator.dot.ga.gov:443/rtplive/ATL-CCTV-0938/playlist.m3u8
2025-04-11,ATL-0923,SR 8/North Ave at West Peachtree St (Atlanta),14,https://sfs-msc-pub-lq-01.navigator.dot.ga.gov:443/rtplive/ATL-CCTV-0923/playlist.m3u8
2025-04-11,ATL-0977,Peachtree Center Ave at Andrew Young Intl Blvd (Atlanta),14,https://sfs-msc-pub-lq-01.navigator.dot.ga.gov:443/rtplive/ATL-CCTV-0977/playlist.m3u8
2025-04-11,ATL-0976,Peachtree Center Ave at Baker St (Atlanta),14,https://sfs-msc-pub-lq-01.navigator.dot.ga.gov:443/rtplive/ATL-CCTV-0976/playlist.m3u8
2025-04-11,ATL-0906,Peachtree St at 14th St (Atlanta),14,https://sfs-msc-pub-lq-01.navigator.dot.ga.gov:443/rtplive/ATL-CCTV-0906/playlist.m3u8
2025-04-11,ATL-0948,Peachtree St at John Portman Blvd (Atlanta),14,https://sfs-msc-pub-lq-01.navigator.dot.ga.gov:443/rtplive/ATL-CCTV-0948/playlist.m3u8
2025-04-11,ATL-0959,Peachtree St at Ellis St (Atlanta),14,https://sfs-msc-pub-lq-01.navigator.dot.ga.gov:443/rtplive/ATL-CCTV-0959/playlist.m3u8
2025-04-11,ATL-0972,Peachtree St at 5th St (Atlanta),15,https://sfs-msc-pub-lq-01.navigator.dot.ga.gov:443/rtplive/ATL-CCTV-0972/playlist.m3u8
2025-04-11,ATL-0995,Peachtree St at Luckie St/Auburn Ave/Broad St (Atlanta),15,https://sfs-msc-pub-lq-01.navigator.dot.ga.gov:443/rtplive/ATL-CCTV-0995/playlist.m3u8
2025-04-11,ATL-1003,Peachtree St at 17th St (Atlanta),15,https://sfs-msc-pub-lq-01.navigator.dot.ga.gov:443/rtplive/ATL-CCTV-1003/playlist.m3u8
2025-04-11,ATL-1004,Peachtree St at 16th St (Atlanta),15,https://sfs-msc-pub-lq-01.navigator.dot.ga.gov:443/rtplive/ATL-CCTV-1004/playlist.m3u8
2025-04-11,ATL-1005,Peachtree St at 12th St (Atlanta),15,https://sfs-msc-pub-lq-01.navigator.dot.ga.gov:443/rtplive/ATL-CCTV-1005/playlist.m3u8
2025-04-11,ATL-0907,Piedmont Ave at 14th St (Atlanta),15,https://sfs-msc-pub-lq-01.navigator.dot.ga.gov:443/rtplive/ATL-CCTV-0907/playlist.m3u8
2025-04-11,ATL-0929,Piedmont Ave at John Portman Blvd/I75/I85 Ramp (Atlanta),15,https://sfs-msc-pub-lq-01.navigator.dot.ga.gov:443/rtplive/ATL-CCTV-0929/playlist.m3u8
2025-04-11,ATL-0951,Piedmont Ave at Ellis St (Atlanta),15,https://sfs-msc-pub-lq-01.navigator.dot.ga.gov:443/rtplive/ATL-CCTV-0951/playlist.m3u8
2025-04-11,ATL-0956,Piedmont Ave at Baker St (Atlanta),15,https://sfs-msc-pub-lq-01.navigator.dot.ga.gov:443/rtplive/ATL-CCTV-0956/playlist.m3u8
2025-04-11,DEK-0645,Pleasantdale Rd at Scientific Atlanta Pedxing (DeKalb),15,https://sfs-msc-pub-lq-01.navigator.dot.ga.gov:443/rtplive/DEK-CCTV-0645/playlist.m3u8
2025-04-11,ATL-1018,SR 154 Memorial Dr at Park Ave (Atlanta),16,https://sfs-msc-pub-lq-01.navigator.dot.ga.gov:443/rtplive/ATL-CCTV-1018/playlist.m3u8
2025-04-11,ATL-1022,SR 154 Memorial Dr at Whiteford / Memorial Terrace (Atlanta),16,https://sfs-msc-pub-lq-01.navigator.dot.ga.gov:443/rtplive/ATL-CCTV-1022/playlist.m3u8
2025-04-11,ATL-1013,SR 154 Memorial Dr at Cherokee Ave (Atlanta),16,https://sfs-msc-pub-lq-01.navigator.dot.ga.gov:443/rtplive/ATL-CCTV-1013/playlist.m3u8
2025-04-11,ATL-1019,SR 154 Memorial Dr at Pearl St (Atlanta),16,https://sfs-msc-pub-lq-01.navigator.dot.ga.gov:443/rtplive/ATL-CCTV-1019/playlist.m3u8
2025-04-11,ATL-1020,SR 154 Memorial Dr at Stovall St (Atlanta),16,https://sfs-msc-pub-lq-01.navigator.dot.ga.gov:443/rtplive/ATL-CCTV-1020/playlist.m3u8
2025-04-11,ATL-0411,SR 154/Memorial Dr at Maynard Terrace (Atlanta),16,https://sfs-msc-pub-lq-01.navigator.dot.ga.gov:443/rtplive/ATL-CCTV-0411/playlist.m3u8
2025-04-11,ATL-1023,SR 154 Memorial Dr at Wilkinson Dr (Atlanta),16,https://sfs-msc-pub-lq-01.navigator.dot.ga.gov:443/rtplive/ATL-CCTV-1023/playlist.m3u8
2025-04-11,ATL-1021,SR 154 Memorial Dr at Warren St (Atlanta),16,https://sfs-msc-pub-lq-01.navigator.dot.ga.gov:443/rtplive/ATL-CCTV-1021/playlist.m3u8
2025-04-11,ATL-1015,SR 154 Memorial Dr at Eva Davis Way (Atlanta),16,https://sfs-msc-pub-lq-01.navigator.dot.ga.gov:443/rtplive/ATL-CCTV-1015/playlist.m3u8
2025-04-11,ATL-1012,SR 154 Memorial Dr at Second Ave (Atlanta),16,https://sfs-msc-pub-lq-01.navigator.dot.ga.gov:443/rtplive/ATL-CCTV-1012/playlist.m3u8
2025-04-11,ATL-1014,SR 154 Memorial Dr at East Lake Dr (Atlanta),17,https://sfs-msc-pub-lq-01.navigator.dot.ga.gov:443/rtplive/ATL-CCTV-1014/playlist.m3u8
2025-04-11,ATL-0155,SR 154 /Memorial Dr at SR 155 /Candler Rd (Atlanta),17,https://sfs-msc-pub-lq-01.navigator.dot.ga.gov:443/rtplive/ATL-CCTV-0155/playlist.m3u8
2025-04-11,ATL-1033,SR 154/Memorial Dr at SR 154 Conn/Bill Kennedy Way (Atlanta),17,https://sfs-msc-pub-lq-01.navigator.dot.ga.gov:443/rtplive/ATL-CCTV-1033/playlist.m3u8
2025-04-11,FORS-0001,SR 20 / Buford Hwy at SR 9 / Atlanta Hwy (Forsyth),17,https://sfs-msc-pub-lq-01.navigator.dot.ga.gov:443/rtplive/FORS-CCTV-0001/playlist.m3u8
2025-04-11,ATL-0060,SR 42 / Moreland Ave at United Ave (Atlanta),17,https://sfs-msc-pub-lq-01.navigator.dot.ga.gov:443/rtplive/ATL-CCTV-0060/playlist.m3u8
2025-04-11,ATL-0055,SR 42 / Moreland Ave at Constitution Rd (Atlanta),17,https://sfs-msc-pub-lq-01.navigator.dot.ga.gov:443/rtplive/ATL-CCTV-0055/playlist.m3u8
2025-04-11,ATL-0056,SR 42 / Moreland Ave at SR 42 Spur /McDonough Blvd (Atlanta),17,https://sfs-msc-pub-lq-01.navigator.dot.ga.gov:443/rtplive/ATL-CCTV-0056/playlist.m3u8
2025-04-11,ATL-0607,SR 42 /Moreland Ave at Custer Ave (Atlanta),17,https://sfs-msc-pub-lq-01.navigator.dot.ga.gov:443/rtplive/ATL-CCTV-0607/playlist.m3u8
2025-04-11,ATL-0059,SR 42/Moreland Ave at Vickers St (Atlanta),17,https://sfs-msc-pub-lq-01.navigator.dot.ga.gov:443/rtplive/ATL-CCTV-0059/playlist.m3u8
2025-04-11,ATL-0052,SR 42 /Moreland Ave at SR 260 / Glenwood Ave (Atlanta),17,https://sfs-msc-pub-lq-01.navigator.dot.ga.gov:443/rtplive/ATL-CCTV-0052/playlist.m3u8
2025-04-11,ATL-0070,SR 10/Freedom Pkwy at Ralph McGill Blvd (Atlanta),18,https://sfs-msc-pub-lq-01.navigator.dot.ga.gov:443/rtplive/ATL-CCTV-0070/playlist.m3u8
2025-04-11,ATL-0072,SR 10 / Freedom Pkwy at N Highland Ave (Atlanta),18,https://sfs-msc-pub-lq-01.navigator.dot.ga.gov:443/rtplive/ATL-CCTV-0072/playlist.m3u8
2025-04-11,WALT-0006,SR 10 / Atlanta Hwy at New Hope Church Rd (Walton),18,https://sfs-msc-pub-lq-01.navigator.dot.ga.gov:443/rtplive/WALT-CCTV-0006/playlist.m3u8
2025-04-11,ATL-0071,SR 10 / Freedom Pkwy at North Ave (Atlanta),18,https://sfs-msc-pub-lq-01.navigator.dot.ga.gov:443/rtplive/ATL-CCTV-0071/playlist.m3u8
2025-04-11,ATL-0608,SR 10/Freedom Pkwy at Boulevard (Atlanta),18,https://sfs-msc-pub-lq-01.navigator.dot.ga.gov:443/rtplive/ATL-CCTV-0608/playlist.m3u8
2025-04-11,WALT-0003,SR 10/Atlanta Hwy at SR 20/Conyers Rd/Main St (Walton),18,https://sfs-msc-pub-lq-01.navigator.dot.ga.gov:443/rtplive/WALT-CCTV-0003/playlist.m3u8
2025-04-11,ATL-0602,SR 13 at Lenox Rd / Cheshire Bridge Rd (Atlanta),18,https://sfs-msc-pub-lq-01.navigator.dot.ga.gov:443/rtplive/ATL-CCTV-0602/playlist.m3u8
2025-04-11,ATL-0041,SR 13 / Buford Hwy at Sidney Marcus Blvd (Atlanta),18,https://sfs-msc-pub-lq-01.navigator.dot.ga.gov:443/rtplive/ATL-CCTV-0041/playlist.m3u8
2025-04-11,ATL-0953,SR 13 / Buford Spring Conn at Armour Dr (Atlanta),18,https://sfs-msc-pub-lq-01.navigator.dot.ga.gov:443/rtplive/ATL-CCTV-0953/playlist.m3u8
2025-04-11,HALL-0008,SR 13 / Atlanta Hwy at SR 332 / Poplar Springs Rd (Hall),18,https://sfs-msc-pub-lq-01.navigator.dot.ga.gov:443/rtplive/HALL-CCTV-0008/playlist.m3u8
2025-04-11,ATL-1027,SR 42 Moreland Ave at North Ave (Atlanta),19,https://sfs-msc-pub-lq-01.navigator.dot.ga.gov:443/rtplive/ATL-CCTV-1027/playlist.m3u8
2025-04-11,ATL-1028,SR 42 Moreland Ave at Ormewood Ave (Atlanta),19,https://sfs-msc-pub-lq-01.navigator.dot.ga.gov:443/rtplive/ATL-CCTV-1028/playlist.m3u8
2025-04-11,PAUL-0012,SR 6 at SR 6 Bus/Atlanta Hwy (Paulding),19,https://sfs-msc-pub-lq-01.navigator.dot.ga.gov:443/rtplive/PAUL-CCTV-0012/playlist.m3u8
2025-04-11,ATL-0274,SR 8 / Hollowell Pkwy at Wood St (Atlanta),19,https://sfs-msc-pub-lq-01.navigator.dot.ga.gov:443/rtplive/ATL-CCTV-0274/playlist.m3u8
2025-04-11,ATL-0270,SR 8 / Hollowell Pkwy at Maynard Ct (Atlanta),19,https://sfs-msc-pub-lq-01.navigator.dot.ga.gov:443/rtplive/ATL-CCTV-0270/playlist.m3u8
2025-04-11,ATL-0271,SR 8 / Hollowell Pkwy at SR 70 /Atlanta Industrial Blvd (Atlanta),19,https://sfs-msc-pub-lq-01.navigator.dot.ga.gov:443/rtplive/ATL-CCTV-0271/playlist.m3u8
2025-04-11,ATL-0269,SR 8 / Hollowell Pkwy at I285 SB Ramp (Atlanta),19,https://sfs-msc-pub-lq-01.navigator.dot.ga.gov:443/rtplive/ATL-CCTV-0269/playlist.m3u8
2025-04-11,ATL-0272,SR 8 / Hollowell Pkwy at I285 NB Ramp (Atlanta),19,https://sfs-msc-pub-lq-01.navigator.dot.ga.gov:443/rtplive/ATL-CCTV-0272/playlist.m3u8
2025-04-11,ATL-0273,SR 8 / Hollowell Pkwy at Kings Grant Dr / Yates Dr (Atlanta),19,https://sfs-msc-pub-lq-01.navigator.dot.ga.gov:443/rtplive/ATL-CCTV-0273/playlist.m3u8
2025-04-11,ATL-0268,SR 8 / Hollowell Pkwy at SR 280 / Holmes Dr / Jackson Pkwy (Atlanta),19,https://sfs-msc-pub-lq-01.navigator.dot.ga.gov:443/rtplive/ATL-CCTV-0268/playlist.m3u8
2025-04-11,ATL-0275,SR 8 / Hollowell Pkwy at Hollywood Rd (Atlanta),20,https://sfs-msc-pub-lq-01.navigator.dot.ga.gov:443/rtplive/ATL-CCTV-0275/playlist.m3u8
2025-04-11,ATL-0276,SR 8 / Hollowell Pkwy at W Lake Ave (Atlanta),20,https://sfs-msc-pub-lq-01.navigator.dot.ga.gov:443/rtplive/ATL-CCTV-0276/playlist.m3u8
2025-04-11,ATL-0277,SR 8 / Hollowell Pkwy at Chappell Rd (Atlanta),20,https://sfs-msc-pub-lq-01.navigator.dot.ga.gov:443/rtplive/ATL-CCTV-0277/playlist.m3u8
2025-04-11,ATL-0267,SR 8 / Hollowell Pkwy at Stiff St / MARTA (Atlanta),20,https://sfs-msc-pub-lq-01.navigator.dot.ga.gov:443/rtplive/ATL-CCTV-0267/playlist.m3u8
2025-04-11,ATL-0278,SR 8 / Hollowell Pkwy at Marietta Blvd (Atlanta),20,https://sfs-msc-pub-lq-01.navigator.dot.ga.gov:443/rtplive/ATL-CCTV-0278/playlist.m3u8
2025-04-11,ATL-0279,SR 8 / Hollowell Pkwy at Joseph E Lowery Blvd (Atlanta),20,https://sfs-msc-pub-lq-01.navigator.dot.ga.gov:443/rtplive/ATL-CCTV-0279/playlist.m3u8
2025-04-11,ATL-0266,SR 8 / Hollowell Pkwy at James P Brawley Rd (Atlanta),20,https://sfs-msc-pub-lq-01.navigator.dot.ga.gov:443/rtplive/ATL-CCTV-0266/playlist.m3u8
2025-04-11,ATL-0909,SR 8 / North Ave at Piedmont Ave (Atlanta),20,https://sfs-msc-pub-lq-01.navigator.dot.ga.gov:443/rtplive/ATL-CCTV-0909/playlist.m3u8
2025-04-11,ATL-0908,SR 8/North Ave at Luckie St/Tech Pkwy (Atlanta),20,https://sfs-msc-pub-lq-01.navigator.dot.ga.gov:443/rtplive/ATL-CCTV-0908/playlist.m3u8
2025-04-11,ATL-0939,SR 8/North Ave at Techwood Dr/Centennial Olympic Park Dr (Atlanta),20,https://sfs-msc-pub-lq-01.navigator.dot.ga.gov:443/rtplive/ATL-CCTV-0939/playlist.m3u8
2025-04-11,ATL-0970,SR 8 /North Ave at Spring St (Atlanta),21,https://sfs-msc-pub-lq-01.navigator.dot.ga.gov:443/rtplive/ATL-CCTV-0970/playlist.m3u8
2025-04-11,ATL-0971,SR 8 /North Ave at Peachtree St (Atlanta),21,https://sfs-msc-pub-lq-01.navigator.dot.ga.gov:443/rtplive/ATL-CCTV-0971/playlist.m3u8
2025-04-11,ATL-0205,SR 8 / Ponce De Leon Ave at Charles Allen Dr / Parkway (Atlanta),21,https://sfs-msc-pub-lq-01.navigator.dot.ga.gov:443/rtplive/ATL-CCTV-0205/playlist.m3u8
2025-04-11,ATL-0215,SR 8 / Ponce De Leon Ave at Springdale Rd (Atlanta),21,https://sfs-msc-pub-lq-01.navigator.dot.ga.gov:443/rtplive/ATL-CCTV-0215/playlist.m3u8
2025-04-11,ATL-0202,SR 8 / Ponce De Leon Ave at Piedmont Ave (Atlanta),21,https://sfs-msc-pub-lq-01.navigator.dot.ga.gov:443/rtplive/ATL-CCTV-0202/playlist.m3u8
2025-04-11,ATL-0204,SR 8 / Ponce De Leon Ave at Durant Pl (Atlanta),21,https://sfs-msc-pub-lq-01.navigator.dot.ga.gov:443/rtplive/ATL-CCTV-0204/playlist.m3u8
2025-04-11,ATL-0206,SR 8 / Ponce De Leon Ave at Boulevard / Monroe Dr (Atlanta),21,https://sfs-msc-pub-lq-01.navigator.dot.ga.gov:443/rtplive/ATL-CCTV-0206/playlist.m3u8
2025-04-11,ATL-0207,SR 8 / Ponce De Leon Ave at Glen Iris Dr (Atlanta),21,https://sfs-msc-pub-lq-01.navigator.dot.ga.gov:443/rtplive/ATL-CCTV-0207/playlist.m3u8
2025-04-11,ATL-0209,SR 8 / Ponce De Leon Ave at Ponce De Leon Pl (Atlanta),21,https://sfs-msc-pub-lq-01.navigator.dot.ga.gov:443/rtplive/ATL-CCTV-0209/playlist.m3u8
2025-04-11,ATL-0210,SR 8 / Ponce De Leon Ave at SR 10/Freedom Pkwy (Atlanta),21,https://sfs-msc-pub-lq-01.navigator.dot.ga.gov:443/rtplive/ATL-CCTV-0210/playlist.m3u8
2025-04-11,ATL-0063,SR 42 / Moreland Ave at Faith Ave / McPherson Ave (Atlanta),22,https://sfs-msc-pub-lq-01.navigator.dot.ga.gov:443/rtplive/ATL-CCTV-0063/playlist.m3u8
2025-04-11,ATL-0064,SR 42 / Moreland Ave at I-20 WB Ramp (Atlanta),22,https://sfs-msc-pub-lq-01.navigator.dot.ga.gov:443/rtplive/ATL-CCTV-0064/playlist.m3u8
2025-04-11,ATL-0037,SR 42 /Moreland Ave at SR 154 Memorial Dr (Atlanta),22,https://sfs-msc-pub-lq-01.navigator.dot.ga.gov:443/rtplive/ATL-CCTV-0037/playlist.m3u8
2025-04-11,ATL-0556,SR 42 /Moreland Ave at Hardee St (Atlanta),22,https://sfs-msc-pub-lq-01.navigator.dot.ga.gov:443/rtplive/ATL-CCTV-0556/playlist.m3u8
2025-04-11,ATL-0057,SR 42 / Moreland Ave at Caroline St (Atlanta),22,https://sfs-msc-pub-lq-01.navigator.dot.ga.gov:443/rtplive/ATL-CCTV-0057/playlist.m3u8
2025-04-11,ATL-0058,SR 42 / Moreland Ave at Euclid Ave / McClendon Ave (Atlanta),22,https://sfs-msc-pub-lq-01.navigator.dot.ga.gov:443/rtplive/ATL-CCTV-0058/playlist.m3u8
2025-04-11,ATL-0559,SR 42 /Moreland Ave at John Lewis Freedom Pkwy (Atlanta),22,https://sfs-msc-pub-lq-01.navigator.dot.ga.gov:443/rtplive/ATL-CCTV-0559/playlist.m3u8
2025-04-11,ATL-1024,SR 42 Briarcliff Rd at St Charles Pl (Atlanta),22,https://sfs-msc-pub-lq-01.navigator.dot.ga.gov:443/rtplive/ATL-CCTV-1024/playlist.m3u8
2025-04-11,ATL-1025,SR 42 Moreland Ave at Boulevard Dr / Hosea Williams Dr (Atlanta),22,https://sfs-msc-pub-lq-01.navigator.dot.ga.gov:443/rtplive/ATL-CCTV-1025/playlist.m3u8
2025-04-11,ATL-1026,SR 42 Moreland Ave at Eastland Dr (Atlanta),22,https://sfs-msc-pub-lq-01.navigator.dot.ga.gov:443/rtplive/ATL-CCTV-1026/playlist.m3u8
2025-04-11,ATL-0213,SR 8 / Ponce De Leon Ave at N Highland Ave (Atlanta),23,https://sfs-msc-pub-lq-01.navigator.dot.ga.gov:443/rtplive/ATL-CCTV-0213/playlist.m3u8
2025-04-11,ATL-0921,SR 8 / North Ave at Courtland St / Juniper St (Atlanta),23,https://sfs-msc-pub-lq-01.navigator.dot.ga.gov:443/rtplive/ATL-CCTV-0921/playlist.m3u8
2025-04-11,ATL-0217,SR 8 / Ponce De Leon Ave at Lullwater Rd (Atlanta),23,https://sfs-msc-pub-lq-01.navigator.dot.ga.gov:443/rtplive/ATL-CCTV-0217/playlist.m3u8
2025-04-11,ATL-0216,SR 8 / Ponce De Leon Ave at Oakdale Rd (Atlanta),23,https://sfs-msc-pub-lq-01.navigator.dot.ga.gov:443/rtplive/ATL-CCTV-0216/playlist.m3u8
2025-04-11,ATL-0218,SR 8 / Ponce De Leon Ave at Clifton Rd (Atlanta),23,https://sfs-msc-pub-lq-01.navigator.dot.ga.gov:443/rtplive/ATL-CCTV-0218/playlist.m3u8
2025-04-11,BARR-0017,SR 8/Atlanta Hwy at Midland Ave (Barrow),23,https://sfs-msc-pub-lq-01.navigator.dot.ga.gov:443/rtplive/BARR-CCTV-0017/playlist.m3u8
2025-04-11,ATL-0904,SR 8/North Ave at Williams St (Atlanta),23,https://sfs-msc-pub-lq-01.navigator.
2025-04-11,ATL-0904,SR 8/North Ave at Williams St (Atlanta),23,https://sfs-msc-pub-lq-01.navigator.dot.ga.gov:443/rtplive/ATL-CCTV-0904/playlist.m3u8
2025-04-11,ATL-0040,SR 8 /Ponce De Leon Ave at SR 42 /Moreland Ave (Atlanta),23,https://sfs-msc-pub-lq-01.navigator.dot.ga.gov:443/rtplive/ATL-CCTV-0040/playlist.m3u8
2025-04-11,ATL-0940,SR 9 /Peachtree St at Peachtree Cir (Atlanta),23,https://sfs-msc-pub-lq-01.navigator.dot.ga.gov:443/rtplive/ATL-CCTV-0940/playlist.m3u8
2025-04-11,ATL-0905,SR 9/Peachtree St at Buford Conn / I-85 NB Ramp (Atlanta),23,https://sfs-msc-pub-lq-01.navigator.dot.ga.gov:443/rtplive/ATL-CCTV-0905/playlist.m3u8
2025-04-11,ATL-0982,Ralph McGill Blvd at Courtland St (Atlanta),24,https://sfs-msc-pub-lq-01.navigator.dot.ga.gov:443/rtplive/ATL-CCTV-0982/playlist.m3u8
2025-04-11,ATL-1036,SR 9 /Roswell Rd at Powers Ferry Rd (Atlanta),24,https://sfs-msc-pub-lq-01.navigator.dot.ga.gov:443/rtplive/ATL-CCTV-1036/playlist.m3u8
2025-04-11,ATL-0901,SR 9/Spring St at 14th St (Atlanta),24,https://sfs-msc-pub-lq-01.navigator.dot.ga.gov:443/rtplive/ATL-CCTV-0901/playlist.m3u8
2025-04-11,ATL-0902,SR 9 /Spring St at 17th St (Atlanta),24,https://sfs-msc-pub-lq-01.navigator.dot.ga.gov:443/rtplive/ATL-CCTV-0902/playlist.m3u8
2025-04-11,ATL-1031,SR 9 / Peachtree Rd at Collier Rd (Atlanta),24,https://sfs-msc-pub-lq-01.navigator.dot.ga.gov:443/rtplive/ATL-CCTV-1031/playlist.m3u8
2025-04-11,ATL-0012,SR 9 / Peachtree Rd at Colonial Homes Dr (Atlanta),24,https://sfs-msc-pub-lq-01.navigator.dot.ga.gov:443/rtplive/ATL-CCTV-0012/playlist.m3u8
2025-04-11,ATL-0007,SR 9 / Peachtree Rd at Peachtree Way (Atlanta),24,https://sfs-msc-pub-lq-01.navigator.dot.ga.gov:443/rtplive/ATL-CCTV-0007/playlist.m3u8
2025-04-11,ATL-0006,SR 9 / Peachtree Rd at Rumson Rd (Atlanta),24,https://sfs-msc-pub-lq-01.navigator.dot.ga.gov:443/rtplive/ATL-CCTV-0006/playlist.m3u8
2025-04-11,ATL-0005,SR 9 / Peachtree Rd at Delmont Dr (Atlanta),24,https://sfs-msc-pub-lq-01.navigator.dot.ga.gov:443/rtplive/ATL-CCTV-0005/playlist.m3u8
2025-04-11,ATL-0004,SR 9 / Peachtree Rd at Pharr Rd (Atlanta),24,https://sfs-msc-pub-lq-01.navigator.dot.ga.gov:443/rtplive/ATL-CCTV-0004/playlist.m3u8
2025-04-11,ATL-0013,SR 9 / Peachtree Rd at E/W Paces Ferry Rd (Atlanta),25,https://sfs-msc-pub-lq-01.navigator.dot.ga.gov:443/rtplive/ATL-CCTV-0013/playlist.m3u8
2025-04-11,ATL-0010,SR 9 / Peachtree Rd at Peachtree Memorial Dr (Atlanta),25,https://sfs-msc-pub-lq-01.navigator.dot.ga.gov:443/rtplive/ATL-CCTV-0010/playlist.m3u8
2025-04-11,ATL-0009,SR 9 / Peachtree Rd at Peachtree Battle Ave (Atlanta),25,https://sfs-msc-pub-lq-01.navigator.dot.ga.gov:443/rtplive/ATL-CCTV-0009/playlist.m3u8
2025-04-11,ATL-0008,SR 9 / Peachtree Rd at Lindbergh Dr (Atlanta),25,https://sfs-msc-pub-lq-01.navigator.dot.ga.gov:443/rtplive/ATL-CCTV-0008/playlist.m3u8
2025-04-11,ATL-0033,SR 9 / Peachtree St at Deering Rd (Atlanta),25,https://sfs-msc-pub-lq-01.navigator.dot.ga.gov:443/rtplive/ATL-CCTV-0033/playlist.m3u8
2025-04-11,ATL-0032,SR 9 / Peachtree St at 26th St (Atlanta),25,https://sfs-msc-pub-lq-01.navigator.dot.ga.gov:443/rtplive/ATL-CCTV-0032/playlist.m3u8
2025-04-11,ATL-0030,SR 9 / Peachtree St at Peachtree Valley Rd (Atlanta),25,https://sfs-msc-pub-lq-01.navigator.dot.ga.gov:443/rtplive/ATL-CCTV-0030/playlist.m3u8
2025-04-11,ATL-0039,SR 9 / Roswell Rd at E Andrews Dr (Atlanta),25,https://sfs-msc-pub-lq-01.navigator.dot.ga.gov:443/rtplive/ATL-CCTV-0039/playlist.m3u8
2025-04-11,ATL-0002,SR 9 / Roswell Rd at Peachtree Presbyterian Church (Atlanta),25,https://sfs-msc-pub-lq-01.navigator.dot.ga.gov:443/rtplive/ATL-CCTV-0002/playlist.m3u8
2025-04-11,FORS-0012,SR 9 / Atlanta Hwy at Francis Rd / Grassland Pkwy (Forsyth),25,https://sfs-msc-pub-lq-01.navigator.dot.ga.gov:443/rtplive/FORS-CCTV-0012/playlist.m3u8
2025-04-11,FORS-0013,SR 9 / Atlanta Hwy at SR 371 / Post Rd / Mullinax Rd (Forsyth),26,https://sfs-msc-pub-lq-01.navigator.dot.ga.gov:443/rtplive/FORS-CCTV-0013/playlist.m3u8
2025-04-11,FORS-0062,SR 9/Atlanta Hwy at Campground Rd/Francis Cir (Forsyth),26,https://sfs-msc-pub-lq-01.navigator.dot.ga.gov:443/rtplive/FORS-CCTV-0062/playlist.m3u8
2025-04-11,ATL-1032,SR 9/Peachtree Rd at East-West Wesley Rd (Atlanta),26,https://sfs-msc-pub-lq-01.navigator.dot.ga.gov:443/rtplive/ATL-CCTV-1032/playlist.m3u8
2025-04-11,GWIN-419,465: Sugarloaf Pkwy at Scientific Atlanta,26,https://sfs-msc-pub-lq-01.navigator.dot.ga.gov:443/rtplive/GWIN-CCTV-419/playlist.m3u8
2025-04-11,ATL-0926,Ted Turner Dr at Mitchell St (Atlanta),26,https://sfs-msc-pub-lq-01.navigator.dot.ga.gov:443/rtplive/ATL-CCTV-0926/playlist.m3u8
2025-04-11,ATL-0930,Ted Turner Dr at Andrew Young Intl Blvd (Atlanta),26,https://sfs-msc-pub-lq-01.navigator.dot.ga.gov:443/rtplive/ATL-CCTV-0930/playlist.m3u8
2025-04-11,ATL-0946,Ted Turner Dr at John Portman Blvd (Atlanta),26,https://sfs-msc-pub-lq-01.navigator.dot.ga.gov:443/rtplive/ATL-CCTV-0946/playlist.m3u8
2025-04-11,ATL-0044,W Paces Ferry Rd at I75 SB Ramp (Atlanta),26,https://sfs-msc-pub-lq-01.navigator.dot.ga.gov:443/rtplive/ATL-CCTV-0044/playlist.m3u8
2025-04-11,ATL-0962,Washington St at MLK Jr Dr (Atlanta),26,https://sfs-msc-pub-lq-01.navigator.dot.ga.gov:443/rtplive/ATL-CCTV-0962/playlist.m3u8
2025-04-11,ATL-1031,West Paces Ferry Rd at East Andrews Dr (Atlanta),26,https://sfs-msc-pub-lq-01.navigator.dot.ga.gov:443/rtplive/ATL-CCTV-1031/playlist.m3u8
2025-04-11,ATL-0954,West Peachtree St at Linden Ave (Atlanta),27,https://sfs-msc-pub-lq-01.navigator.dot.ga.gov:443/rtplive/ATL-CCTV-0954/playlist.m3u8
2025-04-11,ATL-0997,West Peachtree St at 5th St (Atlanta),27,https://sfs-msc-pub-lq-01.navigator.dot.ga.gov:443/rtplive/ATL-CCTV-0997/playlist.m3u8
2025-04-11,ATL-0998,West Peachtree St at 17th St (Atlanta),27,https://sfs-msc-pub-lq-01.navigator.dot.ga.gov:443/rtplive/ATL-CCTV-0998/playlist.m3u8
2025-04-11,ATL-0999,West Peachtree St at 14th St (Atlanta),27,https://sfs-msc-pub-lq-01.navigator.dot.ga.gov:443/rtplive/ATL-CCTV-0999/playlist.m3u8
2025-04-11,ATL-1002,West Peachtree St at 10th St (Atlanta),27,https://sfs-msc-pub-lq-01.navigator.dot.ga.gov:443/rtplive/ATL-CCTV-1002/playlist.m3u8
2025-04-11,ATL-0963,Whitehall St at McDaniel St (Atlanta),27,https://sfs-msc-pub-lq-01.navigator.dot.ga.gov:443/rtplive/ATL-CCTV-0963/playlist.m3u8
2025-04-11,ATL-0943,Williams St at John Portman Blvd (Atlanta),27,https://sfs-msc-pub-lq-01.navigator.dot.ga.gov:443/rtplive/ATL-CCTV-0943/playlist.m3u8
2025-04-11,ATL-0945,Williams St at West Peachtree Pl (Atlanta),27,https://sfs-msc-pub-lq-01.navigator.dot.ga.gov:443/rtplive/ATL-CCTV-0945/playlist.m3u8
2025-04-11,ATL-0964,Windsor St at Rawson St / I20 Ramp (Atlanta),27,https://sfs-msc-pub-lq-01.navigator.dot.ga.gov:443/rtplive/ATL-CCTV-0964/playlist.m3u8
2025-04-11,ATL-0025,SR 154/SR 14 /Peters St at Walker St (Atlanta),28,https://sfs-msc-pub-lq-01.navigator.dot.ga.gov:443/rtplive/ATL-CCTV-0025/playlist.m3u8
2025-04-11,ATL-0950,SR 14 /Peters St at Ted Turner Dr (Atlanta),28,https://sfs-msc-pub-lq-01.navigator.dot.ga.gov:443/rtplive/ATL-CCTV-0950/playlist.m3u8
2025-04-11,ATL-0935,SR 14 /Peters St at McDaniel St (Atlanta),28,https://sfs-msc-pub-lq-01.navigator.dot.ga.gov:443/rtplive/ATL-CCTV-0935/playlist.m3u8
2025-04-11,FORS-0047,SR 141 at SR 9 / Atlanta Hwy (Forsyth),28,https://sfs-msc-pub-lq-01.navigator.dot.ga.gov:443/rtplive/FORS-CCTV-0047/playlist.m3u8
2025-04-11,HNRY-0110,SR 138 / N Henry Blvd at E Atlanta Rd (Henry),28,https://sfs-msc-pub-lq-01.navigator.dot.ga.gov:443/rtplive/HNRY-CCTV-0110/playlist.m3u8
2025-04-11,ATL-0933,SR 154/SR 14 /Peters St at Walker St (Atlanta),28,https://sfs-msc-pub-lq-01.navigator.dot.ga.gov:443/rtplive/ATL-CCTV-0933/playlist.m3u8
2025-04-11,ATL-1009,SR 141 /Peachtree Rd at Kingsboro Rd (Atlanta),28,https://sfs-msc-pub-lq-01.navigator.dot.ga.gov:443/rtplive/ATL-CCTV-1009/playlist.m3u8
2025-04-11,ATL-1010,SR 141 /Peachtree Rd at Lenox Pkwy (Atlanta),28,https://sfs-msc-pub-lq-01.navigator.dot.ga.gov:443/rtplive/ATL-CCTV-1010/playlist.m3u8
2025-04-11,ATL-0034,SR 141 / Peachtree Rd at Mathieson Dr (Atlanta),28,https://sfs-msc-pub-lq-01.navigator.dot.ga.gov:443/rtplive/ATL-CCTV-0034/playlist.m3u8
2025-04-11,ATL-0035,SR 141 / Peachtree Rd at Highland Dr (Atlanta),28,https://sfs-msc-pub-lq-01.navigator.dot.ga.gov:443/rtplive/ATL-CCTV-0035/playlist.m3u8
2025-04-11,ATL-0036,SR 141 / Peachtree Rd at Stratford Rd (Atlanta),28,https://sfs-msc-pub-lq-01.navigator.dot.ga.gov:443/rtplive/ATL-CCTV-0036/playlist.m3u8
2025-04-11,ATL-0003,SR 141 / Peachtree Rd at Lenox Mall Entrance (Atlanta),29,https://sfs-msc-pub-lq-01.navigator.dot.ga.gov:443/rtplive/ATL-CCTV-0003/playlist.m3u8
2025-04-11,ATL-0029,SR 141 / Peachtree Rd at SR 141 Conn/Lenox Rd (Atlanta),29,https://sfs-msc-pub-lq-01.navigator.dot.ga.gov:443/rtplive/ATL-CCTV-0029/playlist.m3u8
2025-04-11,ATL-0001,SR 141 / Peachtree Rd at Wieuca Rd (Atlanta),29,https://sfs-msc-pub-lq-01.navigator.dot.ga.gov:443/rtplive/ATL-CCTV-0001/playlist.m3u8
2025-04-11,ATL-0011,SR 141 / Peachtree Rd at SR 237 / Piedmont Rd (Atlanta),29,https://sfs-msc-pub-lq-01.navigator.dot.ga.gov:443/rtplive/ATL-CCTV-0011/playlist.m3u8
2025-04-11,ATL-0067,SR 141 Conn / Lenox Rd at Tower Place Dr (Atlanta),29,https://sfs-msc-pub-lq-01.navigator.dot.ga.gov:443/rtplive/ATL-CCTV-0067/playlist.m3u8
2025-04-11,ATL-0068,SR 141 Conn / Lenox Rd at Phipps Blvd (Atlanta),29,https://sfs-msc-pub-lq-01.navigator.dot.ga.gov:443/rtplive/ATL-CCTV-0068/playlist.m3u8
2025-04-11,ATL-0422,SR 154 / Memorial Dr at Hill St (Atlanta),29,https://sfs-msc-pub-lq-01.navigator.dot.ga.gov:443/rtplive/ATL-CCTV-0422/playlist.m3u8
2025-04-11,ATL-0967,SR 154 / Trinity Ave at Forsyth St (Atlanta),29,https://sfs-msc-pub-lq-01.navigator.dot.ga.gov:443/rtplive/ATL-CCTV-0967/playlist.m3u8
2025-04-11,ATL-1016,SR 154 Memorial Dr at Grant St (Atlanta),29,https://sfs-msc-pub-lq-01.navigator.dot.ga.gov:443/rtplive/ATL-CCTV-1016/playlist.m3u8
2025-04-11,ATL-1017,SR 154 Memorial Dr at Martin St (Atlanta),29,https://sfs-msc-pub-lq-01.navigator.dot.ga.gov:443/rtplive/ATL-CCTV-1017/playlist.m3u8